,Small,Mid,Large
Value,0.02924860513418854,0.1173086806091417,0.0
Core,0.37470240750637374,0.1173086806091417,0.4760502954595912
Growth,0.0,0.0,0.0
